model,AP,AP50,AP75,AP_small,AP_medium,AP_large,AR_100
grounding_dino,0.3571628228214348,0.39259588429513903,0.3772618813806622,0.05267326732673268,0.09545767076707669,0.6989971444526072,0.39495412844036704
yolo,0.22052653995401367,0.2697196790404047,0.245767383696008,0.11776432562110148,0.14720608665617244,0.3641974040057107,0.33073394495412844
