model,best_score_thr,precision,recall,f1,tp,fp,fn
grounding_dino,0.0,0.7622950819672131,0.42660550458715596,0.5470588235294118,93,29,125
yolo,0.3,0.4228855721393035,0.38990825688073394,0.405727923627685,85,116,133
