model,best_score_thr,precision,recall,f1,tp,fp,fn
grounding_dino,0.0,0.8518518518518519,0.4107142857142857,0.5542168674698795,46,8,66
yolo,0.0,0.3790322580645161,0.41964285714285715,0.39830508474576276,47,77,65
