model,AP,AP50,AP75,AP_small,AP_medium,AP_large,AR_100
grounding_dino,0.34098111579368284,0.3722854145879705,0.3722854145879705,0.0,0.19428532138928178,0.6415954541400085,0.3821428571428571
yolo,0.22029967920718407,0.28126434460995187,0.2360469185545251,0.021683168316831685,0.23179801205098768,0.29766755008097007,0.3294642857142857
